_type,url,date,rawContent,renderedContent,id,user,replyCount,retweetCount,likeCount,quoteCount,conversationId,lang,source,sourceUrl,sourceLabel,links,media,retweetedTweet,quotedTweet,inReplyToTweetId,inReplyToUser,mentionedUsers,coordinates,place,hashtags,cashtags,card,viewCount,vibe
snscrape.modules.twitter.Tweet,https://twitter.com/SharaniaJ/status/1625645788050202624,2023-02-14 23:58:53+00:00,Komal Nahta interview with an overseas distributor on How #ShahRukhKhanìÄ† has always been a Global icon for decades n how he has put Bollywood on the map n how he‚Äôs still ruling with #Pathaan immense success üî• #SRKìÉµ https://t.co/9criQsg6Dq,Komal Nahta interview with an overseas distributor on How #ShahRukhKhanìÄ† has always been a Global icon for decades n how he has put Bollywood on the map n how he‚Äôs still ruling with #Pathaan immense success üî• #SRKìÉµ https://t.co/9criQsg6Dq,1625645788050202624,"{'_type': 'snscrape.modules.twitter.User', 'username': 'SharaniaJ', 'id': 929797181367836672, 'displayname': 'üë∏Sharania JhanviìÄ†', 'rawDescription': 'üíñA Girl must have two key attributes to be praiseworthy - fabulous and classyüíñ Fan Acc, not impersonating anyone', 'renderedDescription': 'üíñA Girl must have two key attributes to be praiseworthy - fabulous and classyüíñ Fan Acc, not impersonating anyone', 'descriptionLinks': None, 'verified': False, 'created': '2017-11-12T19:44:57+00:00', 'followersCount': 8201, 'friendsCount': 4068, 'statusesCount': 229729, 'favouritesCount': 114375, 'listedCount': 1, 'mediaCount': 10710, 'location': 'Mumbai, India', 'protected': False, 'link': {'_type': 'snscrape.modules.twitter.TextLink', 'text': 'meerfoundation.com', 'url': 'http://meerfoundation.com', 'tcourl': 'https://t.co/t1tyojPH7B', 'indices': [0, 23]}, 'profileImageUrl': 'https://pbs.twimg.com/profile_images/1622978110357491715/ZJ0pAvra_normal.jpg', 'profileBannerUrl': 'https://pbs.twimg.com/profile_banners/929797181367836672/1645983451', 'label': None, 'url': 'https://twitter.com/SharaniaJ'}",3,178,449,0,1625645788050202624,en,"<a href=""http://twitter.com/download/iphone"" rel=""nofollow"">Twitter for iPhone</a>",http://twitter.com/download/iphone,Twitter for iPhone,,"[{'_type': 'snscrape.modules.twitter.Video', 'thumbnailUrl': 'https://pbs.twimg.com/amplify_video_thumb/1625645619111948288/img/rM5UwMlp_6x0gs-d.jpg', 'variants': [{'_type': 'snscrape.modules.twitter.VideoVariant', 'url': 'https://video.twimg.com/amplify_video/1625645619111948288/vid/486x270/-fxuG9perRigu2fJ.mp4?tag=16', 'contentType': 'video/mp4', 'bitrate': 288000}, {'_type': 'snscrape.modules.twitter.VideoVariant', 'url': 'https://video.twimg.com/amplify_video/1625645619111948288/vid/648x360/AWSZSbik8L8ivlN-.mp4?tag=16', 'contentType': 'video/mp4', 'bitrate': 832000}, {'_type': 'snscrape.modules.twitter.VideoVariant', 'url': 'https://video.twimg.com/amplify_video/1625645619111948288/pl/aUUta9bDEIYk_eZw.m3u8?tag=16&container=fmp4', 'contentType': 'application/x-mpegURL', 'bitrate': None}, {'_type': 'snscrape.modules.twitter.VideoVariant', 'url': 'https://video.twimg.com/amplify_video/1625645619111948288/vid/888x492/E8_6GBZ0DOOoPVQN.mp4?tag=16', 'contentType': 'video/mp4', 'bitrate': 2176000}], 'duration': 90.673, 'views': 4593, 'altText': None}, {'_type': 'snscrape.modules.twitter.Video', 'thumbnailUrl': 'https://pbs.twimg.com/amplify_video_thumb/1625645619082588167/img/RIm0jAMr3zdcmK_k.jpg', 'variants': [{'_type': 'snscrape.modules.twitter.VideoVariant', 'url': 'https://video.twimg.com/amplify_video/1625645619082588167/pl/ppnZZKshACV1nv9K.m3u8?tag=16&container=fmp4', 'contentType': 'application/x-mpegURL', 'bitrate': None}, {'_type': 'snscrape.modules.twitter.VideoVariant', 'url': 'https://video.twimg.com/amplify_video/1625645619082588167/vid/644x360/95SjaDqXFX4dwQFZ.mp4?tag=16', 'contentType': 'video/mp4', 'bitrate': 832000}, {'_type': 'snscrape.modules.twitter.VideoVariant', 'url': 'https://video.twimg.com/amplify_video/1625645619082588167/vid/888x496/iStUuNYca4Ck2o5j.mp4?tag=16', 'contentType': 'video/mp4', 'bitrate': 2176000}, {'_type': 'snscrape.modules.twitter.VideoVariant', 'url': 'https://video.twimg.com/amplify_video/1625645619082588167/vid/482x270/xLMuDDJErBA2rVJi.mp4?tag=16', 'contentType': 'video/mp4', 'bitrate': 288000}], 'duration': 71.116, 'views': 335, 'altText': None}, {'_type': 'snscrape.modules.twitter.Video', 'thumbnailUrl': 'https://pbs.twimg.com/amplify_video_thumb/1625645619061587973/img/tib2FpsYPpdbqugK.jpg', 'variants': [{'_type': 'snscrape.modules.twitter.VideoVariant', 'url': 'https://video.twimg.com/amplify_video/1625645619061587973/vid/488x270/l5n1TLImKVlezm9U.mp4?tag=16', 'contentType': 'video/mp4', 'bitrate': 288000}, {'_type': 'snscrape.modules.twitter.VideoVariant', 'url': 'https://video.twimg.com/amplify_video/1625645619061587973/vid/652x360/qQZhTbi3y80zcYEG.mp4?tag=16', 'contentType': 'video/mp4', 'bitrate': 832000}, {'_type': 'snscrape.modules.twitter.VideoVariant', 'url': 'https://video.twimg.com/amplify_video/1625645619061587973/vid/888x490/tz_52I9pTkNqvfP0.mp4?tag=16', 'contentType': 'video/mp4', 'bitrate': 2176000}, {'_type': 'snscrape.modules.twitter.VideoVariant', 'url': 'https://video.twimg.com/amplify_video/1625645619061587973/pl/cdNGjWtBFjoBOWGr.m3u8?tag=16&container=fmp4', 'contentType': 'application/x-mpegURL', 'bitrate': None}], 'duration': 54.811, 'views': 340, 'altText': None}, {'_type': 'snscrape.modules.twitter.Video', 'thumbnailUrl': 'https://pbs.twimg.com/amplify_video_thumb/1625645619107753984/img/Amkm5wKvz-kquiEZ.jpg', 'variants': [{'_type': 'snscrape.modules.twitter.VideoVariant', 'url': 'https://video.twimg.com/amplify_video/1625645619107753984/vid/644x360/qvLtBoDPylCuDFUD.mp4?tag=16', 'contentType': 'video/mp4', 'bitrate': 832000}, {'_type': 'snscrape.modules.twitter.VideoVariant', 'url': 'https://video.twimg.com/amplify_video/1625645619107753984/vid/482x270/Jo_k-oceh5_R1Ed-.mp4?tag=16', 'contentType': 'video/mp4', 'bitrate': 288000}, {'_type': 'snscrape.modules.twitter.VideoVariant', 'url': 'https://video.twimg.com/amplify_video/1625645619107753984/pl/1Z7g3CGShP5Dzm5t.m3u8?tag=16&container=fmp4', 'contentType': 'application/x-mpegURL', 'bitrate': None}, {'_type': 'snscrape.modules.twitter.VideoVariant', 'url': 'https://video.twimg.com/amplify_video/1625645619107753984/vid/888x496/k70GzzaL0AXd4XuT.mp4?tag=16', 'contentType': 'video/mp4', 'bitrate': 2176000}], 'duration': 62.198, 'views': 250, 'altText': None}]",,,,,,,,"['ShahRukhKhanìÄ†', 'Pathaan', 'SRKìÉµ']",,,11055,
snscrape.modules.twitter.Tweet,https://twitter.com/lcaromunoz/status/1625645758971084801,2023-02-14 23:58:46+00:00,Watching #TheRomantics Episode 1: The Boy from from Jalandhar... interesting:  a sunrise.. a goat... a sunset... #ShahRukhKhan üíúüíúüíúüíúüíú the music which start to sound when SRK talkimg about TV reminded me so much the instrumental music at the start of Jungle Book (original).,Watching #TheRomantics Episode 1: The Boy from from Jalandhar... interesting:  a sunrise.. a goat... a sunset... #ShahRukhKhan üíúüíúüíúüíúüíú the music which start to sound when SRK talkimg about TV reminded me so much the instrumental music at the start of Jungle Book (original).,1625645758971084801,"{'_type': 'snscrape.modules.twitter.User', 'username': 'lcaromunoz', 'id': 492636423, 'displayname': 'Carolina Mu√±oz üáªüá™', 'rawDescription': 'Female.Venezuelan. Clinical Oncologist. I believe in God, Hard Work and Free Will.Proud SRKian', 'renderedDescription': 'Female.Venezuelan. Clinical Oncologist. I believe in God, Hard Work and Free Will.Proud SRKian', 'descriptionLinks': None, 'verified': False, 'created': '2012-02-14T23:20:32+00:00', 'followersCount': 2313, 'friendsCount': 2559, 'statusesCount': 107853, 'favouritesCount': 212797, 'listedCount': 4, 'mediaCount': 5720, 'location': '', 'protected': False, 'link': None, 'profileImageUrl': 'https://pbs.twimg.com/profile_images/1453686982421397506/FSXBAPTu_normal.jpg', 'profileBannerUrl': None, 'label': None, 'url': 'https://twitter.com/lcaromunoz'}",0,1,9,0,1625645758971084801,en,"<a href=""http://twitter.com/download/android"" rel=""nofollow"">Twitter for Android</a>",http://twitter.com/download/android,Twitter for Android,,,,,,,,,,"['TheRomantics', 'ShahRukhKhan']",,,362,
snscrape.modules.twitter.Tweet,https://twitter.com/Melanch89806859/status/1625644830574661634,2023-02-14 23:55:05+00:00,The level of happiness when @iamsrk and @itsKajolD are together with each other metls hearts ü•∫‚ô•Ô∏è #ShahRukhKhanìÉµ #SRKìÉµ #Kajol #SRKajol  https://t.co/tEQ7uXQJje,The level of happiness when @iamsrk and @itsKajolD are together with each other metls hearts ü•∫‚ô•Ô∏è #ShahRukhKhanìÉµ #SRKìÉµ #Kajol #SRKajol  twitter.com/NatureN1241679‚Ä¶,1625644830574661634,"{'_type': 'snscrape.modules.twitter.User', 'username': 'Melanch89806859', 'id': 1596052987348418560, 'displayname': 'Melancholy', 'rawDescription': '', 'renderedDescription': '', 'descriptionLinks': None, 'verified': False, 'created': '2022-11-25T08:08:35+00:00', 'followersCount': 42, 'friendsCount': 16, 'statusesCount': 4037, 'favouritesCount': 3843, 'listedCount': 0, 'mediaCount': 230, 'location': '', 'protected': False, 'link': None, 'profileImageUrl': 'https://abs.twimg.com/sticky/default_profile_images/default_profile_normal.png', 'profileBannerUrl': None, 'label': None, 'url': 'https://twitter.com/Melanch89806859'}",0,0,3,0,1625644830574661634,en,"<a href=""http://twitter.com/download/android"" rel=""nofollow"">Twitter for Android</a>",http://twitter.com/download/android,Twitter for Android,"[{'_type': 'snscrape.modules.twitter.TextLink', 'text': 'twitter.com/NatureN1241679‚Ä¶', 'url': 'https://twitter.com/NatureN12416793/status/1625514238876721152?t=9B-cnQYKlJKjcgruckRuig&s=19', 'tcourl': 'https://t.co/tEQ7uXQJje', 'indices': [135, 158]}]",,,"{'_type': 'snscrape.modules.twitter.Tweet', 'url': 'https://twitter.com/NatureN12416793/status/1625514238876721152', 'date': '2023-02-14T15:16:09+00:00', 'rawContent': 'Shahrukh khan and kajol @iamsrk @itsKajolD üòäüíïüëçüëçüëç #ShahRukhKhan Kajol #SRKajol https://t.co/n9RDlEpgVH', 'renderedContent': 'Shahrukh khan and kajol @iamsrk @itsKajolD üòäüíïüëçüëçüëç #ShahRukhKhan Kajol #SRKajol https://t.co/n9RDlEpgVH', 'id': 1625514238876721152, 'user': {'_type': 'snscrape.modules.twitter.User', 'username': 'NatureN12416793', 'id': 1523246529460510721, 'displayname': 'NatureNature', 'rawDescription': 'Beaut√© du Monde ! ü¶ãü¶ãü¶ã', 'renderedDescription': 'Beaut√© du Monde ! ü¶ãü¶ãü¶ã', 'descriptionLinks': None, 'verified': False, 'created': '2022-05-08T10:21:29+00:00', 'followersCount': 31, 'friendsCount': 10, 'statusesCount': 891, 'favouritesCount': 129, 'listedCount': 0, 'mediaCount': 822, 'location': '', 'protected': False, 'link': None, 'profileImageUrl': 'https://pbs.twimg.com/profile_images/1523246912417280000/A_DFvjX7_normal.jpg', 'profileBannerUrl': 'https://pbs.twimg.com/profile_banners/1523246529460510721/1652061137', 'label': None, 'url': 'https://twitter.com/NatureN12416793'}, 'replyCount': 0, 'retweetCount': 5, 'likeCount': 23, 'quoteCount': 2, 'conversationId': 1625514238876721152, 'lang': 'tl', 'source': '<a href=""http://twitter.com/download/android"" rel=""nofollow"">Twitter for Android</a>', 'sourceUrl': 'http://twitter.com/download/android', 'sourceLabel': 'Twitter for Android', 'links': None, 'media': [{'_type': 'snscrape.modules.twitter.Photo', 'previewUrl': 'https://pbs.twimg.com/media/Fo78leEX0AEBPRB?format=jpg&name=small', 'fullUrl': 'https://pbs.twimg.com/media/Fo78leEX0AEBPRB?format=jpg&name=large', 'altText': None}], 'retweetedTweet': None, 'quotedTweet': None, 'inReplyToTweetId': None, 'inReplyToUser': None, 'mentionedUsers': [{'_type': 'snscrape.modules.twitter.User', 'username': 'iamsrk', 'id': 101311381, 'displayname': 'Shah Rukh Khan', 'rawDescription': None, 'renderedDescription': None, 'descriptionLinks': None, 'verified': None, 'created': None, 'followersCount': None, 'friendsCount': None, 'statusesCount': None, 'favouritesCount': None, 'listedCount': None, 'mediaCount': None, 'location': None, 'protected': None, 'link': None, 'profileImageUrl': None, 'profileBannerUrl': None, 'label': None, 'url': 'https://twitter.com/iamsrk'}, {'_type': 'snscrape.modules.twitter.User', 'username': 'itsKajolD', 'id': 2805358944, 'displayname': 'Kajol', 'rawDescription': None, 'renderedDescription': None, 'descriptionLinks': None, 'verified': None, 'created': None, 'followersCount': None, 'friendsCount': None, 'statusesCount': None, 'favouritesCount': None, 'listedCount': None, 'mediaCount': None, 'location': None, 'protected': None, 'link': None, 'profileImageUrl': None, 'profileBannerUrl': None, 'label': None, 'url': 'https://twitter.com/itsKajolD'}], 'coordinates': None, 'place': None, 'hashtags': ['ShahRukhKhan', 'SRKajol'], 'cashtags': None, 'card': None, 'viewCount': 842, 'vibe': None}",,,"[{'_type': 'snscrape.modules.twitter.User', 'username': 'iamsrk', 'id': 101311381, 'displayname': 'Shah Rukh Khan', 'rawDescription': None, 'renderedDescription': None, 'descriptionLinks': None, 'verified': None, 'created': None, 'followersCount': None, 'friendsCount': None, 'statusesCount': None, 'favouritesCount': None, 'listedCount': None, 'mediaCount': None, 'location': None, 'protected': None, 'link': None, 'profileImageUrl': None, 'profileBannerUrl': None, 'label': None, 'url': 'https://twitter.com/iamsrk'}, {'_type': 'snscrape.modules.twitter.User', 'username': 'itsKajolD', 'id': 2805358944, 'displayname': 'Kajol', 'rawDescription': None, 'renderedDescription': None, 'descriptionLinks': None, 'verified': None, 'created': None, 'followersCount': None, 'friendsCount': None, 'statusesCount': None, 'favouritesCount': None, 'listedCount': None, 'mediaCount': None, 'location': None, 'protected': None, 'link': None, 'profileImageUrl': None, 'profileBannerUrl': None, 'label': None, 'url': 'https://twitter.com/itsKajolD'}]",,,"['ShahRukhKhanìÉµ', 'SRKìÉµ', 'Kajol', 'SRKajol']",,,210,
snscrape.modules.twitter.Tweet,https://twitter.com/TheSahuNews/status/1625644564559142913,2023-02-14 23:54:01+00:00,"Shoaib Malik compares himself to Shah Rukh Khan, Novak¬†Djokovic https://t.co/dy7DLDet6s","Shoaib Malik compares himself to Shah Rukh Khan, Novak¬†Djokovic sahu.news/shoaib-malik-c‚Ä¶",1625644564559142913,"{'_type': 'snscrape.modules.twitter.User', 'username': 'TheSahuNews', 'id': 1276495633520754689, 'displayname': 'Sahu News', 'rawDescription': 'Sahu News provides comprehensive and up-to-date news coverage, compiled from a variety of sources throughout the world.', 'renderedDescription': 'Sahu News provides comprehensive and up-to-date news coverage, compiled from a variety of sources throughout the world.', 'descriptionLinks': None, 'verified': False, 'created': '2020-06-26T12:45:59+00:00', 'followersCount': 146, 'friendsCount': 0, 'statusesCount': 154475, 'favouritesCount': 9, 'listedCount': 2, 'mediaCount': 63, 'location': 'Global', 'protected': False, 'link': {'_type': 'snscrape.modules.twitter.TextLink', 'text': 'sahu.news', 'url': 'http://sahu.news', 'tcourl': 'https://t.co/fKxSIH1tSt', 'indices': [0, 23]}, 'profileImageUrl': 'https://pbs.twimg.com/profile_images/1463240540439425031/Dqrd0lUk_normal.jpg', 'profileBannerUrl': 'https://pbs.twimg.com/profile_banners/1276495633520754689/1635510743', 'label': None, 'url': 'https://twitter.com/TheSahuNews'}",0,0,0,0,1625644564559142913,in,"<a href=""http://publicize.wp.com/"" rel=""nofollow"">Jetpack.com</a>",http://publicize.wp.com/,Jetpack.com,"[{'_type': 'snscrape.modules.twitter.TextLink', 'text': 'sahu.news/shoaib-malik-c‚Ä¶', 'url': 'https://sahu.news/shoaib-malik-compares-himself-to-shah-rukh-khan-novak-djokovic/', 'tcourl': 'https://t.co/dy7DLDet6s', 'indices': [64, 87]}]",,,,,,,,,,,"{'_type': 'snscrape.modules.twitter.SummaryCard', 'title': 'Shoaib Malik compares himself to Shah Rukh Khan, Novak Djokovic - Sahu News', 'url': 'https://sahu.news/shoaib-malik-compares-himself-to-shah-rukh-khan-novak-djokovic/', 'description': 'Veteran all-rounder emphasized the importance of experience in every field', 'thumbnailUrl': 'https://pbs.twimg.com/card_img/1625644566647799809/FQJWGmgH?format=jpg&name=orig', 'siteUser': {'_type': 'snscrape.modules.twitter.User', 'username': 'TheSahuNews', 'id': 1276495633520754689, 'displayname': 'Sahu News', 'rawDescription': 'Sahu News provides comprehensive and up-to-date news coverage, compiled from a variety of sources throughout the world.', 'renderedDescription': 'Sahu News provides comprehensive and up-to-date news coverage, compiled from a variety of sources throughout the world.', 'descriptionLinks': None, 'verified': False, 'created': '2020-06-26T12:45:59+00:00', 'followersCount': 146, 'friendsCount': 0, 'statusesCount': 154475, 'favouritesCount': 9, 'listedCount': 2, 'mediaCount': 63, 'location': 'Global', 'protected': False, 'link': {'_type': 'snscrape.modules.twitter.TextLink', 'text': 'sahu.news', 'url': 'http://sahu.news', 'tcourl': 'https://t.co/fKxSIH1tSt', 'indices': [0, 23]}, 'profileImageUrl': 'https://pbs.twimg.com/profile_images/1463240540439425031/Dqrd0lUk_normal.jpg', 'profileBannerUrl': 'https://pbs.twimg.com/profile_banners/1276495633520754689/1635510743', 'label': None, 'url': 'https://twitter.com/TheSahuNews'}, 'creatorUser': {'_type': 'snscrape.modules.twitter.User', 'username': 'TheSahuNews', 'id': 1276495633520754689, 'displayname': 'Sahu News', 'rawDescription': 'Sahu News provides comprehensive and up-to-date news coverage, compiled from a variety of sources throughout the world.', 'renderedDescription': 'Sahu News provides comprehensive and up-to-date news coverage, compiled from a variety of sources throughout the world.', 'descriptionLinks': None, 'verified': False, 'created': '2020-06-26T12:45:59+00:00', 'followersCount': 146, 'friendsCount': 0, 'statusesCount': 154475, 'favouritesCount': 9, 'listedCount': 2, 'mediaCount': 63, 'location': 'Global', 'protected': False, 'link': {'_type': 'snscrape.modules.twitter.TextLink', 'text': 'sahu.news', 'url': 'http://sahu.news', 'tcourl': 'https://t.co/fKxSIH1tSt', 'indices': [0, 23]}, 'profileImageUrl': 'https://pbs.twimg.com/profile_images/1463240540439425031/Dqrd0lUk_normal.jpg', 'profileBannerUrl': 'https://pbs.twimg.com/profile_banners/1276495633520754689/1635510743', 'label': None, 'url': 'https://twitter.com/TheSahuNews'}}",38,
snscrape.modules.twitter.Tweet,https://twitter.com/UPresss/status/1625643929470382080,2023-02-14 23:51:30+00:00,"Shoaib Malik compares himself to Shah Rukh Khan, Novak Djokovic

 #Cricket #Pakistan #psl_8 #Shah_Rukh_Khan #Shoaib_Malik
https://t.co/n8ztvfKW3Z","Shoaib Malik compares himself to Shah Rukh Khan, Novak Djokovic

 #Cricket #Pakistan #psl_8 #Shah_Rukh_Khan #Shoaib_Malik
urdupresss.com/sports/shoaib-‚Ä¶",1625643929470382080,"{'_type': 'snscrape.modules.twitter.User', 'username': 'UPresss', 'id': 1261350564325138432, 'displayname': 'Urdu Presss', 'rawDescription': 'UrduPresss is Official Web Portal that Provide You Huge Collection of Pakistan News, International, Business, Showbiz, Sports, Health, Science & Technology News', 'renderedDescription': 'UrduPresss is Official Web Portal that Provide You Huge Collection of Pakistan News, International, Business, Showbiz, Sports, Health, Science & Technology News', 'descriptionLinks': None, 'verified': False, 'created': '2020-05-15T17:42:07+00:00', 'followersCount': 4394, 'friendsCount': 14, 'statusesCount': 159317, 'favouritesCount': 6, 'listedCount': 7, 'mediaCount': 1, 'location': 'Gujrat Pakistan', 'protected': False, 'link': {'_type': 'snscrape.modules.twitter.TextLink', 'text': 'urdupresss.com', 'url': 'https://urdupresss.com/', 'tcourl': 'https://t.co/OwZgDxLVDe', 'indices': [0, 23]}, 'profileImageUrl': 'https://pbs.twimg.com/profile_images/1285472104666877952/vwVtt0K6_normal.jpg', 'profileBannerUrl': 'https://pbs.twimg.com/profile_banners/1261350564325138432/1590692305', 'label': None, 'url': 'https://twitter.com/UPresss'}",0,0,0,0,1625643929470382080,in,"<a href=""https://www.fs-poster.com/"" rel=""nofollow"">FS-Poster-App</a>",https://www.fs-poster.com/,FS-Poster-App,"[{'_type': 'snscrape.modules.twitter.TextLink', 'text': 'urdupresss.com/sports/shoaib-‚Ä¶', 'url': 'https://urdupresss.com/sports/shoaib-malik-compares-himself-to-shah-rukh-khan-novak-djokovic/?feed_id=35711&_unique_id=63ec1e8247ebf', 'tcourl': 'https://t.co/n8ztvfKW3Z', 'indices': [122, 145]}]",,,,,,,,,"['Cricket', 'Pakistan', 'psl_8', 'Shah_Rukh_Khan', 'Shoaib_Malik']",,"{'_type': 'snscrape.modules.twitter.SummaryCard', 'title': 'Shoaib Malik compares himself to Shah Rukh Khan, Novak Djokovic', 'url': 'https://urdupresss.com/sports/shoaib-malik-compares-himself-to-shah-rukh-khan-novak-djokovic/?feed_id=35711&_unique_id=63ec1e8247ebf', 'description': None, 'thumbnailUrl': 'https://pbs.twimg.com/card_img/1625643939477987330/ThaXLsj8?format=jpg&name=orig', 'siteUser': None, 'creatorUser': {'_type': 'snscrape.modules.twitter.User', 'username': 'mAd_mOzEe', 'id': 334561365, 'displayname': 'Muazam Abbas', 'rawDescription': 'Full Stack Web Developer, Entrepreneur, Digital Marketer, SEO Expert, Graphic Designer, Video Editor.', 'renderedDescription': 'Full Stack Web Developer, Entrepreneur, Digital Marketer, SEO Expert, Graphic Designer, Video Editor.', 'descriptionLinks': None, 'verified': False, 'created': '2011-07-13T09:03:58+00:00', 'followersCount': 111, 'friendsCount': 45, 'statusesCount': 15403, 'favouritesCount': 18430, 'listedCount': 1, 'mediaCount': 88, 'location': 'Gujrat', 'protected': False, 'link': {'_type': 'snscrape.modules.twitter.TextLink', 'text': 'urdupresss.com', 'url': 'http://www.urdupresss.com', 'tcourl': 'https://t.co/KrhuN2ylKM', 'indices': [0, 23]}, 'profileImageUrl': 'https://pbs.twimg.com/profile_images/1435520123314577408/dvzGvZQp_normal.jpg', 'profileBannerUrl': 'https://pbs.twimg.com/profile_banners/334561365/1594837566', 'label': None, 'url': 'https://twitter.com/mAd_mOzEe'}}",48,
snscrape.modules.twitter.Tweet,https://twitter.com/dellyranksindia/status/1625643775304339459,2023-02-14 23:50:53+00:00,"Kajol Posts Clip of DDLJ Playing In Theatres Again on Valentine‚Äôs Day, Says ‚ÄòRaj and Simran Still..‚Äô #Bollywood #dilwaledulhanialejayenge #kajol #ShahRukhKhan #Valentinex27sDay https://t.co/GmG9tSBtyK
https://t.co/Otps74upoZ","Kajol Posts Clip of DDLJ Playing In Theatres Again on Valentine‚Äôs Day, Says ‚ÄòRaj and Simran Still..‚Äô #Bollywood #dilwaledulhanialejayenge #kajol #ShahRukhKhan #Valentinex27sDay dellyranks.com/kajol-posts-cl‚Ä¶
tinyurl.com/2gzektu3",1625643775304339459,"{'_type': 'snscrape.modules.twitter.User', 'username': 'dellyranksindia', 'id': 1435568221289992196, 'displayname': 'DellyRanks', 'rawDescription': 'DellyRanks is the fastest growing news website in India. DellyRanks provide daily national, international, Movies, Lifestyle, Career, Astrology and more', 'renderedDescription': 'DellyRanks is the fastest growing news website in India. DellyRanks provide daily national, international, Movies, Lifestyle, Career, Astrology and more', 'descriptionLinks': None, 'verified': False, 'created': '2021-09-08T11:38:35+00:00', 'followersCount': 424, 'friendsCount': 9, 'statusesCount': 103444, 'favouritesCount': 52, 'listedCount': 6, 'mediaCount': 4, 'location': 'New Delhi, India', 'protected': False, 'link': {'_type': 'snscrape.modules.twitter.TextLink', 'text': 'dellyranks.com', 'url': 'https://dellyranks.com', 'tcourl': 'https://t.co/0V386SmmGO', 'indices': [0, 23]}, 'profileImageUrl': 'https://pbs.twimg.com/profile_images/1435568417516392449/lyGppbIO_normal.jpg', 'profileBannerUrl': 'https://pbs.twimg.com/profile_banners/1435568221289992196/1631101185', 'label': None, 'url': 'https://twitter.com/dellyranksindia'}",0,0,1,0,1625643775304339459,en,"<a href=""https://www.fs-poster.com/"" rel=""nofollow"">FS POSTER - Twitter App</a>",https://www.fs-poster.com/,FS POSTER - Twitter App,"[{'_type': 'snscrape.modules.twitter.TextLink', 'text': 'dellyranks.com/kajol-posts-cl‚Ä¶', 'url': 'https://dellyranks.com/kajol-posts-clip-of-ddlj-playing-in-theatres-again-on-valentines-day-says-raj-and-simran-still/?feed_id=307098&_unique_id=63ec1e5cf4029', 'tcourl': 'https://t.co/GmG9tSBtyK', 'indices': [177, 200]}, {'_type': 'snscrape.modules.twitter.TextLink', 'text': 'tinyurl.com/2gzektu3', 'url': 'https://tinyurl.com/2gzektu3', 'tcourl': 'https://t.co/Otps74upoZ', 'indices': [201, 224]}]",,,,,,,,,"['Bollywood', 'dilwaledulhanialejayenge', 'kajol', 'ShahRukhKhan', 'Valentinex27sDay']",,"{'_type': 'snscrape.modules.twitter.SummaryCard', 'title': 'Kajol Posts Clip of DDLJ Playing In Theatres Again on Valentine‚Äôs Day, Says ‚ÄòRaj and Simran Still..‚Äô', 'url': 'https://tinyurl.com/2gzektu3', 'description': None, 'thumbnailUrl': 'https://pbs.twimg.com/card_img/1625643783634182144/6C-UfVZw?format=jpg&name=orig', 'siteUser': {'_type': 'snscrape.modules.twitter.User', 'username': 'dellyranksindia', 'id': 1435568221289992196, 'displayname': 'DellyRanks', 'rawDescription': 'DellyRanks is the fastest growing news website in India. DellyRanks provide daily national, international, Movies, Lifestyle, Career, Astrology and more', 'renderedDescription': 'DellyRanks is the fastest growing news website in India. DellyRanks provide daily national, international, Movies, Lifestyle, Career, Astrology and more', 'descriptionLinks': None, 'verified': False, 'created': '2021-09-08T11:38:35+00:00', 'followersCount': 424, 'friendsCount': 9, 'statusesCount': 103444, 'favouritesCount': 52, 'listedCount': 6, 'mediaCount': 4, 'location': 'New Delhi, India', 'protected': False, 'link': {'_type': 'snscrape.modules.twitter.TextLink', 'text': 'dellyranks.com', 'url': 'https://dellyranks.com', 'tcourl': 'https://t.co/0V386SmmGO', 'indices': [0, 23]}, 'profileImageUrl': 'https://pbs.twimg.com/profile_images/1435568417516392449/lyGppbIO_normal.jpg', 'profileBannerUrl': 'https://pbs.twimg.com/profile_banners/1435568221289992196/1631101185', 'label': None, 'url': 'https://twitter.com/dellyranksindia'}, 'creatorUser': {'_type': 'snscrape.modules.twitter.User', 'username': 'dellyranksindia', 'id': 1435568221289992196, 'displayname': 'DellyRanks', 'rawDescription': 'DellyRanks is the fastest growing news website in India. DellyRanks provide daily national, international, Movies, Lifestyle, Career, Astrology and more', 'renderedDescription': 'DellyRanks is the fastest growing news website in India. DellyRanks provide daily national, international, Movies, Lifestyle, Career, Astrology and more', 'descriptionLinks': None, 'verified': False, 'created': '2021-09-08T11:38:35+00:00', 'followersCount': 424, 'friendsCount': 9, 'statusesCount': 103444, 'favouritesCount': 52, 'listedCount': 6, 'mediaCount': 4, 'location': 'New Delhi, India', 'protected': False, 'link': {'_type': 'snscrape.modules.twitter.TextLink', 'text': 'dellyranks.com', 'url': 'https://dellyranks.com', 'tcourl': 'https://t.co/0V386SmmGO', 'indices': [0, 23]}, 'profileImageUrl': 'https://pbs.twimg.com/profile_images/1435568417516392449/lyGppbIO_normal.jpg', 'profileBannerUrl': 'https://pbs.twimg.com/profile_banners/1435568221289992196/1631101185', 'label': None, 'url': 'https://twitter.com/dellyranksindia'}}",117,
snscrape.modules.twitter.Tweet,https://twitter.com/Macron12macron/status/1625643496790167552,2023-02-14 23:49:47+00:00,"@AMISHDEVGAN waise tu bhi apne bete parvarish achhe kr leüòÖ. Wo bhi apni dam pe kuchh kare dalal na bane‚Ä¶.
waise ye tana tu apne Abba Shahrukh khan ko maar raha h","@AMISHDEVGAN waise tu bhi apne bete parvarish achhe kr leüòÖ. Wo bhi apni dam pe kuchh kare dalal na bane‚Ä¶.
waise ye tana tu apne Abba Shahrukh khan ko maar raha h",1625643496790167552,"{'_type': 'snscrape.modules.twitter.User', 'username': 'Macron12macron', 'id': 1180193652498452480, 'displayname': 'Ammar Khan', 'rawDescription': '‡§Æ‡§ú‡§¶‡•Ç‡§∞', 'renderedDescription': '‡§Æ‡§ú‡§¶‡•Ç‡§∞', 'descriptionLinks': None, 'verified': False, 'created': '2019-10-04T18:51:55+00:00', 'followersCount': 489, 'friendsCount': 875, 'statusesCount': 450, 'favouritesCount': 2949, 'listedCount': 0, 'mediaCount': 18, 'location': 'Taiwan-Hisnchu ,  ', 'protected': False, 'link': None, 'profileImageUrl': 'https://pbs.twimg.com/profile_images/1467474376631066625/vUfqLe8y_normal.jpg', 'profileBannerUrl': 'https://pbs.twimg.com/profile_banners/1180193652498452480/1637735915', 'label': None, 'url': 'https://twitter.com/Macron12macron'}",0,0,0,0,1625413015456858113,hi,"<a href=""http://twitter.com/download/iphone"" rel=""nofollow"">Twitter for iPhone</a>",http://twitter.com/download/iphone,Twitter for iPhone,,,,,1.625413015456858e+18,"{'_type': 'snscrape.modules.twitter.User', 'username': 'AMISHDEVGAN', 'id': 163817624, 'displayname': 'Amish Devgan', 'rawDescription': None, 'renderedDescription': None, 'descriptionLinks': None, 'verified': None, 'created': None, 'followersCount': None, 'friendsCount': None, 'statusesCount': None, 'favouritesCount': None, 'listedCount': None, 'mediaCount': None, 'location': None, 'protected': None, 'link': None, 'profileImageUrl': None, 'profileBannerUrl': None, 'label': None, 'url': 'https://twitter.com/AMISHDEVGAN'}","[{'_type': 'snscrape.modules.twitter.User', 'username': 'AMISHDEVGAN', 'id': 163817624, 'displayname': 'Amish Devgan', 'rawDescription': None, 'renderedDescription': None, 'descriptionLinks': None, 'verified': None, 'created': None, 'followersCount': None, 'friendsCount': None, 'statusesCount': None, 'favouritesCount': None, 'listedCount': None, 'mediaCount': None, 'location': None, 'protected': None, 'link': None, 'profileImageUrl': None, 'profileBannerUrl': None, 'label': None, 'url': 'https://twitter.com/AMISHDEVGAN'}]",,,,,,102,
snscrape.modules.twitter.Tweet,https://twitter.com/BSRK10000/status/1625642582469488642,2023-02-14 23:46:09+00:00,BSRK gf reveal tonight at 9pm EST,BSRK gf reveal tonight at 9pm EST,1625642582469488642,"{'_type': 'snscrape.modules.twitter.User', 'username': 'BSRK10000', 'id': 902737987, 'displayname': 'Black Shah Rukh Khan üëë, IMMORTAL', 'rawDescription': 'Arsenal. Victoria Concordia Crescit. Serviam.', 'renderedDescription': 'Arsenal. Victoria Concordia Crescit. Serviam.', 'descriptionLinks': None, 'verified': False, 'created': '2012-10-24T22:25:23+00:00', 'followersCount': 918, 'friendsCount': 614, 'statusesCount': 160364, 'favouritesCount': 6124, 'listedCount': 10, 'mediaCount': 339, 'location': '', 'protected': False, 'link': None, 'profileImageUrl': 'https://pbs.twimg.com/profile_images/1626001574563553282/aBufGx5Z_normal.jpg', 'profileBannerUrl': 'https://pbs.twimg.com/profile_banners/902737987/1675260928', 'label': None, 'url': 'https://twitter.com/BSRK10000'}",1,0,7,0,1625642582469488642,en,"<a href=""http://twitter.com/download/iphone"" rel=""nofollow"">Twitter for iPhone</a>",http://twitter.com/download/iphone,Twitter for iPhone,,,,,,,,,,,,,709,
snscrape.modules.twitter.Tweet,https://twitter.com/10_15am/status/1625641482819457024,2023-02-14 23:41:47+00:00,Il y a un doc qui est sortie sur les films Bollywood sur Netflix  ¬´¬†The Romantics¬†¬ª il y a Kajol et Shahrukh Khan. On a besoin d‚Äôun nouveau film avec eux en lead.,Il y a un doc qui est sortie sur les films Bollywood sur Netflix  ¬´¬†The Romantics¬†¬ª il y a Kajol et Shahrukh Khan. On a besoin d‚Äôun nouveau film avec eux en lead.,1625641482819457024,"{'_type': 'snscrape.modules.twitter.User', 'username': '10_15am', 'id': 1211846625229828098, 'displayname': 'Kelly ü™°', 'rawDescription': 'üá´üá∑‚úàÔ∏èüìçüá®üá¶ - Fashion Design graduate üë©üèæ\u200düéì', 'renderedDescription': 'üá´üá∑‚úàÔ∏èüìçüá®üá¶ - Fashion Design graduate üë©üèæ\u200düéì', 'descriptionLinks': None, 'verified': False, 'created': '2019-12-31T03:08:56+00:00', 'followersCount': 12, 'friendsCount': 207, 'statusesCount': 3123, 'favouritesCount': 1501, 'listedCount': 0, 'mediaCount': 69, 'location': 'Chez moi', 'protected': False, 'link': None, 'profileImageUrl': 'https://pbs.twimg.com/profile_images/1593756377293459458/kgecWiLf_normal.jpg', 'profileBannerUrl': 'https://pbs.twimg.com/profile_banners/1211846625229828098/1655593576', 'label': None, 'url': 'https://twitter.com/10_15am'}",0,0,1,0,1625641482819457024,fr,"<a href=""http://twitter.com/download/iphone"" rel=""nofollow"">Twitter for iPhone</a>",http://twitter.com/download/iphone,Twitter for iPhone,,,,,,,,,,,,,192,
snscrape.modules.twitter.Tweet,https://twitter.com/hamarakonhe/status/1625641367992156160,2023-02-14 23:41:19+00:00,–°ryptocurrency –∞llows for fin–∞nci–∞l inclusion –∞nd empowers people to t–∞ke control of their own we–∞lth.,–°ryptocurrency –∞llows for fin–∞nci–∞l inclusion –∞nd empowers people to t–∞ke control of their own we–∞lth.,1625641367992156160,"{'_type': 'snscrape.modules.twitter.User', 'username': 'hamarakonhe', 'id': 2499369139, 'displayname': 'hamarakonhe', 'rawDescription': '', 'renderedDescription': '', 'descriptionLinks': None, 'verified': False, 'created': '2014-05-16T17:08:04+00:00', 'followersCount': 0, 'friendsCount': 7, 'statusesCount': 9, 'favouritesCount': 3, 'listedCount': 0, 'mediaCount': 0, 'location': '', 'protected': False, 'link': None, 'profileImageUrl': 'https://pbs.twimg.com/profile_images/1626878825534754818/jQiZpI_e_normal.jpg', 'profileBannerUrl': None, 'label': None, 'url': 'https://twitter.com/hamarakonhe'}",0,0,0,0,1625641367992156160,cs,"<a href=""https://mobile.twitter.com"" rel=""nofollow"">Twitter Web App</a>",https://mobile.twitter.com,Twitter Web App,,,,,,,,,,,,,3,
